[
	{
		"id": 2205,
		"god": "SARADOMIN"
	},
	{
		"id": 2206,
		"god": "SARADOMIN"
	},
	{
		"id": 2207,
		"god": "SARADOMIN"
	},
	{
		"id": 2208,
		"god": "SARADOMIN"
	},
	{
		"id": 2209,
		"god": "SARADOMIN"
	},
	{
		"id": 2211,
		"god": "SARADOMIN"
	},
	{
		"id": 2212,
		"god": "SARADOMIN"
	},
	{
		"id": 3129,
		"god": "ZAMORAK"
	},
	{
		"id": 3130,
		"god": "ZAMORAK"
	},
	{
		"id": 3131,
		"god": "ZAMORAK"
	},
	{
		"id": 3132,
		"god": "ZAMORAK"
	},
	{
		"id": 3133,
		"god": "ZAMORAK"
	},
	{
		"id": 3134,
		"god": "ZAMORAK"
	},
	{
		"id": 3135,
		"god": "ZAMORAK"
	},
	{
		"id": 3137,
		"god": "ZAMORAK"
	},
	{
		"id": 3138,
		"god": "ZAMORAK"
	},
	{
		"id": 3139,
		"god": "ZAMORAK"
	},
	{
		"id": 3140,
		"god": "ZAMORAK"
	},
	{
		"id": 3141,
		"god": "ZAMORAK"
	},
	{
		"id": 3159,
		"god": "ZAMORAK"
	},
	{
		"id": 3160,
		"god": "ZAMORAK"
	},
	{
		"id": 3161,
		"god": "ZAMORAK"
	},
	{
		"id": 2215,
		"god": "BANDOS"
	},
	{
		"id": 2216,
		"god": "BANDOS"
	},
	{
		"id": 2217,
		"god": "BANDOS"
	},
	{
		"id": 2218,
		"god": "BANDOS"
	},
	{
		"id": 2233,
		"god": "BANDOS"
	},
	{
		"id": 2234,
		"god": "BANDOS"
	},
	{
		"id": 2235,
		"god": "BANDOS"
	},
	{
		"id": 2237,
		"god": "BANDOS"
	},
	{
		"id": 2241,
		"god": "BANDOS"
	},
	{
		"id": 2242,
		"god": "BANDOS"
	},
	{
		"id": 2243,
		"god": "BANDOS"
	},
	{
		"id": 2244,
		"god": "BANDOS"
	},
	{
		"id": 2245,
		"god": "BANDOS"
	},
	{
		"id": 3162,
		"god": "ARMADYL"
	},
	{
		"id": 3163,
		"god": "ARMADYL"
	},
	{
		"id": 3164,
		"god": "ARMADYL"
	},
	{
		"id": 3165,
		"god": "ARMADYL"
	},
	{
		"id": 3166,
		"god": "ARMADYL"
	},
	{
		"id": 3167,
		"god": "ARMADYL"
	},
	{
		"id": 3168,
		"god": "ARMADYL"
	},
	{
		"id": 3174,
		"god": "ARMADYL"
	},
	{
		"id": 3169,
		"god": "ARMADYL"
	}
]