{
    "BOSSES": [
        6342,
        2265,
        2266,
        2267,
        239,
        965,
        2215,
        3129,
        3162,
        2205,
        319,
        494,
        5862,
        5890,
        7145,
        6766,
        8028,
        2042,
        8621,
        9425,
        8713,
        7888,
        8195,
        7416
    ],
    "WILDERNESS": [
        6611,
        6609,
        6615,
        6610,
        2054,
        6619,
        6618
    ],
    "RAIDS": [
        7554,
        8360
    ],
    "MINIGAMES": [
        1673,
        1672,
        1674,
        1675,
        1676,
        1677
    ],
    "OTHER": [
        1,
        2,
        3,
        4,
        5
    ]
}
