{
  "name": "inferno",
  "creator": "michael",
  "inventory": {
    "0": {
      "id": 23733,
      "amount": 1
    },
    "1": {
      "id": 6685,
      "amount": 1
    },
    "2": {
      "id": 6685,
      "amount": 1
    },
    "3": {
      "id": 6685,
      "amount": 1
    },
    "4": {
      "id": 6685,
      "amount": 1
    },
    "5": {
      "id": 3024,
      "amount": 1
    },
    "6": {
      "id": 3024,
      "amount": 1
    },
    "7": {
      "id": 3024,
      "amount": 1
    },
    "8": {
      "id": 3024,
      "amount": 1
    },
    "9": {
      "id": 13441,
      "amount": 1
    },
    "10": {
      "id": 13441,
      "amount": 1
    },
    "11": {
      "id": 13441,
      "amount": 1
    },
    "12": {
      "id": 13441,
      "amount": 1
    },
    "13": {
      "id": 13441,
      "amount": 1
    },
    "14": {
      "id": 13441,
      "amount": 1
    },
    "15": {
      "id": 13441,
      "amount": 1
    },
    "16": {
      "id": 13441,
      "amount": 1
    },
    "17": {
      "id": 13441,
      "amount": 1
    },
    "18": {
      "id": 13441,
      "amount": 1
    },
    "19": {
      "id": 13441,
      "amount": 1
    },
    "20": {
      "id": 13441,
      "amount": 1
    },
    "21": {
      "id": 13441,
      "amount": 1
    },
    "22": {
      "id": 13441,
      "amount": 1
    },
    "23": {
      "id": 13441,
      "amount": 1
    },
    "24": {
      "id": 13441,
      "amount": 1
    },
    "25": {
      "id": 13441,
      "amount": 1
    },
    "26": {
      "id": 13441,
      "amount": 1
    },
    "27": {
      "id": 13441,
      "amount": 1
    }
  },
  "equipment": {
    "0": {
      "id": 11826,
      "amount": 1
    },
    "1": {
      "id": 22109,
      "amount": 1
    },
    "2": {
      "id": 6585,
      "amount": 1
    },
    "3": {
      "id": 20997,
      "amount": 1
    },
    "4": {
      "id": 11828,
      "amount": 1
    },
    "7": {
      "id": 11830,
      "amount": 1
    },
    "9": {
      "id": 7462,
      "amount": 1
    },
    "10": {
      "id": 3105,
      "amount": 1
    },
    "12": {
      "id": 11771,
      "amount": 1
    },
    "13": {
      "id": 21326,
      "amount": 5000
    }
  },
  "levels": {
    "0": 99,
    "1": 99,
    "2": 99,
    "3": 99,
    "4": 99,
    "5": 2000000000,
    "6": 99,
    "7": 99,
    "8": 99,
    "9": 99,
    "10": 99,
    "11": 99,
    "12": 99,
    "13": 99,
    "14": 99,
    "15": 99,
    "16": 99,
    "17": 99,
    "18": 99,
    "19": 99,
    "20": 99,
    "21": 99,
    "22": 99,
    "23": 99,
    "24": 1
  },
  "spellBook": "LUNAR"
}