{
  "name": "max_range",
  "inventory": {
    "0": {
      "id": 23733,
      "amount": 1
    },
    "1": {
      "id": 23733,
      "amount": 1
    },
    "2": {
      "id": 3024,
      "amount": 1
    },
    "3": {
      "id": 3024,
      "amount": 1
    },
    "4": {
      "id": 13441,
      "amount": 1
    },
    "5": {
      "id": 13441,
      "amount": 1
    },
    "6": {
      "id": 13441,
      "amount": 1
    },
    "7": {
      "id": 13441,
      "amount": 1
    },
    "8": {
      "id": 3144,
      "amount": 1
    },
    "9": {
      "id": 3144,
      "amount": 1
    },
    "10": {
      "id": 3144,
      "amount": 1
    },
    "11": {
      "id": 3144,
      "amount": 1
    },
    "12": {
      "id": 13441,
      "amount": 1
    },
    "13": {
      "id": 13441,
      "amount": 1
    },
    "14": {
      "id": 13441,
      "amount": 1
    },
    "15": {
      "id": 13441,
      "amount": 1
    },
    "16": {
      "id": 3144,
      "amount": 1
    },
    "17": {
      "id": 3144,
      "amount": 1
    },
    "18": {
      "id": 3144,
      "amount": 1
    },
    "19": {
      "id": 3144,
      "amount": 1
    },
    "20": {
      "id": 13441,
      "amount": 1
    },
    "21": {
      "id": 13441,
      "amount": 1
    },
    "22": {
      "id": 22002,
      "amount": 1
    },
    "23": {
      "id": 21012,
      "amount": 1
    },
    "24": {
      "id": 995,
      "amount": 100000000
    },
    "25": {
      "id": 12926,
      "amount": 1
    },
    "26": {
      "id": 9245,
      "amount": 99999
    },
    "27": {
      "id": 12817,
      "amount": 1
    }
  },
  "equipment": {
    "0": {
      "id": 11826,
      "amount": 1
    },
    "1": {
      "id": 21898,
      "amount": 1
    },
    "2": {
      "id": 19547,
      "amount": 1
    },
    "3": {
      "id": 20997,
      "amount": 1
    },
    "4": {
      "id": 11828,
      "amount": 1
    },
    "7": {
      "id": 11830,
      "amount": 1
    },
    "9": {
      "id": 7462,
      "amount": 1
    },
    "10": {
      "id": 13237,
      "amount": 1
    },
    "12": {
      "id": 12785,
      "amount": 1
    },
    "13": {
      "id": 11212,
      "amount": 10000
    }
  },
  "levels": {
    "0": 99,
    "1": 99,
    "2": 99,
    "3": 99,
    "4": 99,
    "5": 12,
    "6": 99,
    "7": 99,
    "8": 99,
    "9": 99,
    "10": 99,
    "11": 99,
    "12": 99,
    "13": 99,
    "14": 99,
    "15": 99,
    "16": 99,
    "17": 99,
    "18": 99,
    "19": 99,
    "20": 99,
    "21": 99,
    "22": 99,
    "23": 99,
    "24": 99
  },
  "spellBook": "MODERN"
}