{
  "name": "tob",
  "creator": "michael",
  "inventory": {
    "0": {
      "id": 22323,
      "amount": 1
    },
    "1": {
      "id": 12002,
      "amount": 1
    },
    "2": {
      "id": 11832,
      "amount": 1
    },
    "3": {
      "id": 12931,
      "amount": 1
    },
    "4": {
      "id": 11663,
      "amount": 1
    },
    "5": {
      "id": 21791,
      "amount": 1
    },
    "6": {
      "id": 11834,
      "amount": 1
    },
    "7": {
      "id": 13576,
      "amount": 1
    },
    "8": {
      "id": 20997,
      "amount": 1
    },
    "9": {
      "id": 19547,
      "amount": 1
    },
    "10": {
      "id": 12926,
      "amount": 1
    },
    "11": {
      "id": 22322,
      "amount": 1
    },
    "12": {
      "id": 6685,
      "amount": 1
    },
    "13": {
      "id": 6685,
      "amount": 1
    },
    "14": {
      "id": 3024,
      "amount": 1
    },
    "15": {
      "id": 23685,
      "amount": 1
    },
    "16": {
      "id": 6685,
      "amount": 1
    },
    "17": {
      "id": 6685,
      "amount": 1
    },
    "18": {
      "id": 3024,
      "amount": 1
    },
    "19": {
      "id": 23685,
      "amount": 1
    },
    "20": {
      "id": 6685,
      "amount": 1
    },
    "21": {
      "id": 6685,
      "amount": 1
    },
    "22": {
      "id": 3024,
      "amount": 1
    },
    "23": {
      "id": 23685,
      "amount": 1
    },
    "24": {
      "id": 13092,
      "amount": 1
    },
    "25": {
      "id": 20784,
      "amount": 1
    },
    "26": {
      "id": 12791,
      "amount": 1
    },
    "27": {
      "id": 23733,
      "amount": 1
    }
  },
  "equipment": {
    "0": {
      "id": 11665,
      "amount": 1
    },
    "1": {
      "id": 21295,
      "amount": 1
    },
    "2": {
      "id": 19553,
      "amount": 1
    },
    "3": {
      "id": 22325,
      "amount": 1
    },
    "4": {
      "id": 8839,
      "amount": 1
    },
    "7": {
      "id": 8840,
      "amount": 1
    },
    "9": {
      "id": 8842,
      "amount": 1
    },
    "10": {
      "id": 13239,
      "amount": 1
    },
    "12": {
      "id": 11773,
      "amount": 1
    },
    "13": {
      "id": 11212,
      "amount": 2000
    }
  },
  "levels": {
    "0": 99,
    "1": 99,
    "2": 99,
    "3": 99,
    "4": 99,
    "5": 99,
    "6": 99,
    "7": 99,
    "8": 99,
    "9": 99,
    "10": 99,
    "11": 99,
    "12": 99,
    "13": 99,
    "14": 99,
    "15": 99,
    "16": 99,
    "17": 99,
    "18": 99,
    "19": 99,
    "20": 99,
    "21": 99,
    "22": 99,
    "23": 99,
    "24": 1
  },
  "spellBook": "MODERN"
}