{
  "name": "zammy",
  "creator": "michael",
  "inventory": {
    "0": {
      "id": 13576,
      "amount": 1
    },
    "1": {
      "id": 9075,
      "amount": 4996
    },
    "2": {
      "id": 557,
      "amount": 4990
    },
    "3": {
      "id": 560,
      "amount": 4998
    },
    "4": {
      "id": 6685,
      "amount": 1
    },
    "5": {
      "id": 6685,
      "amount": 1
    },
    "6": {
      "id": 3024,
      "amount": 1
    },
    "7": {
      "id": 3024,
      "amount": 1
    },
    "8": {
      "id": 12695,
      "amount": 1
    },
    "9": {
      "id": 12695,
      "amount": 1
    },
    "10": {
      "id": 3024,
      "amount": 1
    },
    "11": {
      "id": 5954,
      "amount": 1
    },
    "12": {
      "id": 4730,
      "amount": 1
    },
    "13": {
      "id": 4724,
      "amount": 1
    },
    "14": {
      "id": 11942,
      "amount": 1
    },
    "15": {
      "id": 995,
      "amount": 150000
    },
    "16": {
      "id": 4728,
      "amount": 1
    },
    "17": {
      "id": 4726,
      "amount": 1
    },
    "18": {
      "id": 13441,
      "amount": 1
    },
    "19": {
      "id": 13441,
      "amount": 1
    },
    "20": {
      "id": 13441,
      "amount": 1
    },
    "21": {
      "id": 13441,
      "amount": 1
    },
    "22": {
      "id": 13441,
      "amount": 1
    },
    "23": {
      "id": 13441,
      "amount": 1
    },
    "24": {
      "id": 13441,
      "amount": 1
    },
    "25": {
      "id": 13441,
      "amount": 1
    },
    "26": {
      "id": 13441,
      "amount": 1
    },
    "27": {
      "id": 13441,
      "amount": 1
    }
  },
  "equipment": {
    "0": {
      "id": 24271,
      "amount": 1
    },
    "1": {
      "id": 6570,
      "amount": 1
    },
    "2": {
      "id": 6585,
      "amount": 1
    },
    "3": {
      "id": 12006,
      "amount": 1
    },
    "4": {
      "id": 4736,
      "amount": 1
    },
    "5": {
      "id": 12954,
      "amount": 1
    },
    "7": {
      "id": 4738,
      "amount": 1
    },
    "9": {
      "id": 7462,
      "amount": 1
    },
    "10": {
      "id": 11840,
      "amount": 1
    },
    "12": {
      "id": 19710,
      "amount": 1
    }
  },
  "levels": {
    "0": 99,
    "1": 99,
    "2": 99,
    "3": 99,
    "4": 99,
    "5": 1999999995,
    "6": 99,
    "7": 99,
    "8": 99,
    "9": 99,
    "10": 99,
    "11": 99,
    "12": 99,
    "13": 99,
    "14": 99,
    "15": 99,
    "16": 99,
    "17": 99,
    "18": 99,
    "19": 99,
    "20": 99,
    "21": 99,
    "22": 99,
    "23": 99,
    "24": 1
  },
  "spellBook": "LUNAR"
}