[
  {
    "id": 2090,
    "position": {
      "x": 3159,
      "y": 9903,
      "height": 0
    }
  },
  {
    "id": 2090,
    "position": {
      "x": 3164,
      "y": 9892,
      "height": 0
    }
  },
  {
    "id": 2090,
    "position": {
      "x": 3169,
      "y": 9886,
      "height": 0
    }
  },
  {
    "id": 2090,
    "position": {
      "x": 3163,
      "y": 9878,
      "height": 0
    }
  },
  {
    "id": 2090,
    "position": {
      "x": 3167,
      "y": 9880,
      "height": 0
    }
  },
  {
    "id": 2090,
    "position": {
      "x": 3174,
      "y": 9882,
      "height": 0
    }
  },
  {
    "id": 2090,
    "position": {
      "x": 3183,
      "y": 9886,
      "height": 0
    }
  },
  {
    "id": 2090,
    "position": {
      "x": 3183,
      "y": 9891,
      "height": 0
    }
  }
]