[
  {
    "id": 8208,
    "position": {
      "x": 3078,
      "y": 3502,
      "height": 0
    },
    "walkingType": "FACE_SOUTH"
  },
  {
    "id": 3894,
    "position": {
      "x": 3085,
      "y": 3468,
      "height": 0
    },
    "walkingType": "FACE_EAST"
  },
  {
    "id": 1578,
    "position": {
      "x": 3109,
      "y": 3495,
      "height": 0
    },
    "walkingType": "FACE_WEST"
  },
  {
    "id": 1577,
    "position": {
      "x": 3109,
      "y": 3497,
      "height": 0
    },
    "walkingType": "FACE_WEST"
  },
  {
    "id": 1576,
    "position": {
      "x": 3109,
      "y": 3493,
      "height": 0
    },
    "walkingType": "FACE_WEST"
  },
  {
    "id": 9120,
    "position": {
      "x": 3095,
      "y": 3495,
      "height": 0
    },
    "walkingType": "FACE_WEST"
  },
  {
    "id": 13,
    "position": {
      "x": 3095,
      "y": 3494,
      "height": 0
    },
    "walkingType": "FACE_WEST"
  },
  {
    "id": 2148,
    "position": {
      "x": 3097,
      "y": 3496,
      "height": 0
    },
    "walkingType": "FACE_NORTH"
  },
  {
    "id": 2149,
    "position": {
      "x": 3096,
      "y": 3496,
      "height": 0
    },
    "walkingType": "FACE_NORTH"
  },
  {
    "id": 2150,
    "position": {
      "x": 3096,
      "y": 3493,
      "height": 0
    },
    "walkingType": "FACE_SOUTH"
  },
  {
    "id": 2151,
    "position": {
      "x": 3097,
      "y": 3493,
      "height": 0
    },
    "walkingType": "FACE_SOUTH"
  },
  {
  "id": 9011,
  "position": {
    "x": 3098,
    "y": 3494,
    "height": 0
  },
  "walkingType": "FACE_EAST"
  },
  {
    "id": 7041,
    "position": {
      "x": 3098,
      "y": 3495,
      "height": 0
    },
    "walkingType": "FACE_EAST"
  },
  {
    "id": 2580,
    "position": {
      "x": 3107,
      "y": 3508,
      "height": 0
    },
    "walkingType": "WALK"
  },
  {
    "id": 2662,
    "position": {
      "x": 3083,
      "y": 3508,
      "height": 0
    },
    "walkingType": "FACE_NORTH"
  },
  {
    "id": 7769,
    "position": {
      "x": 3081,
      "y": 3490,
      "height": 0
    },
    "walkingType": "FACE_EAST"
  },
  {
    "id": 555,
    "position": {
      "x": 3079,
      "y": 3487,
      "height": 0
    },
    "walkingType": "FACE_EAST"
  },
  {
    "id": 1306,
    "position": {
      "x": 3087,
      "y": 3487,
      "height": 0
    },
    "walkingType": "FACE_EAST"
  },
  {
    "id": 6797,
    "position": {
      "x": 3082,
      "y": 3502,
      "height": 0
    },
    "walkingType": "FACE_SOUTH"
  },
  {
    "id": 603,
    "position": {
      "x": 3082,
      "y": 3496,
      "height": 0
    },
    "walkingType": "FACE_NORTH"
  },
  {
    "id": 8819,
    "position": {
      "x": 3084,
      "y": 3496,
      "height": 0
    },
    "walkingType": "FACE_NORTH"
  },
  {
    "id": 7663,
    "position": {
      "x": 3085,
      "y": 3502,
      "height": 0
    },
    "walkingType": "FACE_SOUTH"
  },
  {
    "id": 6517,
    "position": {
      "x": 3095,
      "y": 3505,
      "height": 0
    },
    "walkingType": "FACE_SOUTH"
  },
  {
    "id": 8761,
    "position": {
      "x": 3081,
      "y": 3496,
      "height": 0
    },
    "walkingType": "FACE_NORTH"
  },
  {
    "id": 7599,
    "position": {
      "x": 3102,
      "y": 3488,
      "height": 0
    },
    "walkingType": "WALK"
  },
  {
    "id": 2914,
    "position": {
      "x": 3081,
      "y": 3502,
      "height": 0
    },
    "walkingType": "FACE_SOUTH"
  },
  {
    "id": 7303,
    "position": {
      "x": 3098,
      "y": 3505,
      "height": 0
    },
    "walkingType": "FACE_SOUTH"
  },
  {
    "id": 4753,
    "position": {
      "x": 3092,
      "y": 3513,
      "height": 0
    },
    "walkingType": "FACE_SOUTH"
  },
  {
    "id": 8688,
    "position": {
      "x": 3108,
      "y": 3498,
      "height": 0
    },
    "walkingType": "FACE_SOUTH"
  },
  {
    "id": 308,
    "position": {
      "x": 3100,
      "y": 3518,
      "height": 0
    },
    "walkingType": "STAND"
  },
  {
    "id": 7456,
    "position": {
      "x": 3094,
      "y": 3485,
      "height": 0
    },
    "walkingType": "FACE_NORTH"
  },
  {
    "id": 311,
    "position": {
      "x": 3104,
      "y": 3479,
      "height": 0
    },
    "walkingType": "FACE_NORTH"
  },
  {
    "id": 7913,
    "position": {
      "x": 3108,
      "y": 3479,
      "height": 0
    },
    "walkingType": "FACE_NORTH"
  },
  {
    "id": 5919,
    "position": {
      "x": 3092,
      "y": 3475,
      "height": 0
    },
    "walkingType": "WALK"
  },
  {
    "id": 3291,
    "position": {
      "x": 3079,
      "y": 3477,
      "height": 0
    },
    "walkingType": "WALK"
  },
  {
    "id": 5738,
    "position": {
      "x": 3078,
      "y": 3479,
      "height": 0
    },
    "walkingType": "WALK"
  },
  {
    "id": 5240,
    "position": {
      "x": 3081,
      "y": 3476,
      "height": 0
    },
    "walkingType": "WALK"
  },
  {
    "id": 834,
    "position": {
      "x": 3080,
      "y": 3478,
      "height": 0
    },
    "walkingType": "WALK"
  },
  {
    "id": 1873,
    "position": {
      "x": 3083,
      "y": 3476,
      "height": 0
    },
    "walkingType": "WALK"
  },
  {
    "id": 2122,
    "position": {
      "x": 3081,
      "y": 3477,
      "height": 0
    },
    "walkingType": "WALK"
  },
  {
    "id": 2120,
    "position": {
      "x": 3083,
      "y": 3480,
      "height": 0
    },
    "walkingType": "WALK"
  },
  {
    "id": 2121,
    "position": {
      "x": 3081,
      "y": 3479,
      "height": 0
    },
    "walkingType": "WALK"
  },
  {
    "id": 6723,
    "position": {
      "x": 3083,
      "y": 3478,
      "height": 0
    },
    "walkingType": "WALK"
  },
  {
    "id": 6716,
    "position": {
      "x": 3076,
      "y": 3480,
      "height": 0
    },
    "walkingType": "WALK"
  },
  {
    "id": 8709,
    "position": {
      "x": 3077,
      "y": 3480,
      "height": 0
    },
    "walkingType": "WALK"
  },
  {
    "id": 7668,
    "position": {
      "x": 3076,
      "y": 3476,
      "height": 0
    },
    "walkingType": "WALK"
  },
  {
    "id": 763,
    "position": {
      "x": 3077,
      "y": 3478,
      "height": 0
    },
    "walkingType": "WALK"
  }
]