[
	{
		"id": 10390,
		"god": "SARADOMIN"
	},
	{
		"id": 19933,
		"god": "SARADOMIN"
	},
	{
		"id": 20220,
		"god": "SARADOMIN"
	},
	{
		"id": 10452,
		"god": "SARADOMIN"
	},
	{
		"id": 2665,
		"god": "SARADOMIN"
	},
	{
		"id": 12637,
		"god": "SARADOMIN"
	},
	{
		"id": 2412,
		"god": "SARADOMIN"
	},
	{
		"id": 13331,
		"god": "SARADOMIN"
	},
	{
		"id": 10446,
		"god": "SARADOMIN"
	},
	{
		"id": 1718,
		"god": "SARADOMIN"
	},
	{
		"id": 10470,
		"god": "SARADOMIN"
	},
	{
		"id": 11806,
		"god": "SARADOMIN"
	},
	{
		"id": 11838,
		"god": "SARADOMIN"
	},
	{
		"id": 2415,
		"god": "SARADOMIN"
	},
	{
		"id": 10440,
		"god": "SARADOMIN"
	},
	{
		"id": 6762,
		"god": "SARADOMIN"
	},
	{
		"id": 10458,
		"god": "SARADOMIN"
	},
	{
		"id": 10386,
		"god": "SARADOMIN"
	},
	{
		"id": 544,
		"god": "SARADOMIN"
	},
	{
		"id": 2661,
		"god": "SARADOMIN"
	},
	{
		"id": 3840,
		"god": "SARADOMIN"
	},
	{
		"id": 2667,
		"god": "SARADOMIN"
	},
	{
		"id": 10464,
		"god": "SARADOMIN"
	},
	{
		"id": 10388,
		"god": "SARADOMIN"
	},
	{
		"id": 2663,
		"god": "SARADOMIN"
	},
	{
		"id": 3479,
		"god": "SARADOMIN"
	},
	{
		"id": 12598,
		"god": "SARADOMIN"
	},
	{
		"id": 12808,
		"god": "SARADOMIN"
	},
	{
		"id": 12809,
		"god": "SARADOMIN"
	},
	{
		"id": 542,
		"god": "SARADOMIN"
	},
	{
		"id": 10384,
		"god": "SARADOMIN"
	},
	{
		"id": 10374,
		"god": "ZAMORAK"
	},
	{
		"id": 19936,
		"god": "ZAMORAK"
	},
	{
		"id": 20223,
		"god": "ZAMORAK"
	},
	{
		"id": 10456,
		"god": "ZAMORAK"
	},
	{
		"id": 2657,
		"god": "ZAMORAK"
	},
	{
		"id": 12638,
		"god": "ZAMORAK"
	},
	{
		"id": 2414,
		"god": "ZAMORAK"
	},
	{
		"id": 13333,
		"god": "ZAMORAK"
	},
	{
		"id": 10450,
		"god": "ZAMORAK"
	},
	{
		"id": 1724,
		"god": "ZAMORAK"
	},
	{
		"id": 10474,
		"god": "ZAMORAK"
	},
	{
		"id": 11808,
		"god": "ZAMORAK"
	},
	{
		"id": 11824,
		"god": "ZAMORAK"
	},
	{
		"id": 11889,
		"god": "ZAMORAK"
	},
	{
		"id": 2417,
		"god": "ZAMORAK"
	},
	{
		"id": 10444,
		"god": "ZAMORAK"
	},
	{
		"id": 6764,
		"god": "ZAMORAK"
	},
	{
		"id": 11791,
		"god": "ZAMORAK"
	},
	{
		"id": 12904,
		"god": "ZAMORAK"
	},
	{
		"id": 10460,
		"god": "ZAMORAK"
	},
	{
		"id": 10370,
		"god": "ZAMORAK"
	},
	{
		"id": 2653,
		"god": "ZAMORAK"
	},
	{
		"id": 3842,
		"god": "ZAMORAK"
	},
	{
		"id": 2659,
		"god": "ZAMORAK"
	},
	{
		"id": 10468,
		"god": "ZAMORAK"
	},
	{
		"id": 10372,
		"god": "ZAMORAK"
	},
	{
		"id": 2655,
		"god": "ZAMORAK"
	},
	{
		"id": 3478,
		"god": "ZAMORAK"
	},
	{
		"id": 10368,
		"god": "ZAMORAK"
	},
	{
		"id": 10468,
		"god": "ZAMORAK"
	},
	{
		"id": 12902,
		"god": "ZAMORAK"
	},
	{
		"id": 12904,
		"god": "ZAMORAK"
	},
	{
		"id": 1033,
		"god": "ZAMORAK"
	},
	{
		"id": 1035,
		"god": "ZAMORAK"
	},
	{
		"id": 12486,
		"god": "BANDOS"
	},
	{
		"id": 19924,
		"god": "BANDOS"
	},
	{
		"id": 20232,
		"god": "BANDOS"
	},
	{
		"id": 12504,
		"god": "BANDOS"
	},
	{
		"id": 12271,
		"god": "BANDOS"
	},
	{
		"id": 12273,
		"god": "BANDOS"
	},
	{
		"id": 12269,
		"god": "BANDOS"
	},
	{
		"id": 11061,
		"god": "BANDOS"
	},
	{
		"id": 11804,
		"god": "BANDOS"
	},
	{
		"id": 12275,
		"god": "BANDOS"
	},
	{
		"id": 11832,
		"god": "BANDOS"
	},
	{
		"id": 12480,
		"god": "BANDOS"
	},
	{
		"id": 12500,
		"god": "BANDOS"
	},
	{
		"id": 12265,
		"god": "BANDOS"
	},
	{
		"id": 12608,
		"god": "BANDOS"
	},
	{
		"id": 12488,
		"god": "BANDOS"
	},
	{
		"id": 11834,
		"god": "BANDOS"
	},
	{
		"id": 12482,
		"god": "BANDOS"
	},
	{
		"id": 12502,
		"god": "BANDOS"
	},
	{
		"id": 12484,
		"god": "BANDOS"
	},
	{
		"id": 12267,
		"god": "BANDOS"
	},
	{
		"id": 11836,
		"god": "BANDOS"
	},
	{
		"id": 12498,
		"god": "BANDOS"
	},
	{
		"id": 11826,
		"god": "ARMADYL"
	},
	{
		"id": 19930,
		"god": "ARMADYL"
	},
	{
		"id": 20229,
		"god": "ARMADYL"
	},
	{
		"id": 12512,
		"god": "ARMADYL"
	},
	{
		"id": 12476,
		"god": "ARMADYL"
	},
	{
		"id": 12259,
		"god": "ARMADYL"
	},
	{
		"id": 12261,
		"god": "ARMADYL"
	},
	{
		"id": 87,
		"god": "ARMADYL"
	},
	{
		"id": 12257,
		"god": "ARMADYL"
	},
	{
		"id": 11802,
		"god": "ARMADYL"
	},
	{
		"id": 11785,
		"god": "ARMADYL"
	},
	{
		"id": 12263,
		"god": "ARMADYL"
	},
	{
		"id": 11828,
		"god": "ARMADYL"
	},
	{
		"id": 12470,
		"god": "ARMADYL"
	},
	{
		"id": 12508,
		"god": "ARMADYL"
	},
	{
		"id": 12253,
		"god": "ARMADYL"
	},
	{
		"id": 12610,
		"god": "ARMADYL"
	},
	{
		"id": 12478,
		"god": "ARMADYL"
	},
	{
		"id": 11830,
		"god": "ARMADYL"
	},
	{
		"id": 12472,
		"god": "ARMADYL"
	},
	{
		"id": 12510,
		"god": "ARMADYL"
	},
	{
		"id": 12474,
		"god": "ARMADYL"
	},
	{
		"id": 12255,
		"god": "ARMADYL"
	},
	{
		"id": 12506,
		"god": "ARMADYL"
	}
]